"ANO","NIVEL","CODMUNRES","TO","TORC","TORCR","TO_NN","TO_N","TO_CB_I","TO_CB_N","TO_CB_C","TO_CB_R","TO_CB_O","TO_M","TO_F","TO_F_IF","TO_FT","TO_NT","TO_NT_P","TO_NT_T","TO_PNT","TONT_B","TONT_PT","TONT_A","TONT_PD","TONT_I","TO_MT","TO_MT_DG","TO_MT_PT","TO_MT_AB","TO_MT_42","TO_MT_43","TO_MT_P","TO_MT_P_I","TO_MT_P_ES","TO_MT_P_EFI","TO_MT_P_EFII","TO_MT_P_EM","TO_MT_P_ESI","TO_MT_P_ESC"
2016,"UF","51",17535,0,1050,3079,14456,797,2740,4211,1899,4809,11109,6416,1119,0,495,386,109,244,180,5,1,274,28,75,22,3,2,29,16,56,51,4,5,12,21,3,6
2016,"MUNICIPIO","510000",16,0,0,9,7,0,0,0,0,7,13,0,0,0,0,0,0,0,0,0,0,0,0,0,0,0,0,0,0,0,0,0,0,0,0,0,0
2016,"MUNICIPIO","510010",32,0,1,3,29,0,7,9,5,8,18,14,1,0,1,1,0,0,0,0,0,1,0,0,0,0,0,0,0,0,0,0,0,0,0,0,0
2016,"MUNICIPIO","510020",89,0,2,19,70,6,18,20,7,19,57,32,6,0,6,5,1,1,4,0,0,2,0,0,0,0,0,0,0,0,0,0,0,0,0,0,0
2016,"MUNICIPIO","510025",288,0,16,60,228,12,40,82,25,69,198,90,16,0,9,9,0,3,7,0,0,2,0,2,1,0,0,1,0,2,2,0,0,2,0,0,0
2016,"MUNICIPIO","510030",95,0,3,14,81,3,15,17,17,29,62,33,9,0,3,2,1,1,2,0,0,1,0,0,0,0,0,0,0,0,0,0,0,0,0,0,0
2016,"MUNICIPIO","510035",15,0,1,1,14,1,1,2,1,9,13,2,1,0,2,2,0,0,0,0,0,2,0,0,0,0,0,0,0,0,0,0,0,0,0,0,0
2016,"MUNICIPIO","510040",55,0,2,10,45,1,9,15,7,13,30,24,4,0,2,2,0,0,2,0,0,0,0,0,0,0,0,0,0,0,0,0,0,0,0,0,0
2016,"MUNICIPIO","510050",55,0,2,11,44,0,8,20,4,12,33,22,3,0,1,1,0,1,0,0,0,1,0,0,0,0,0,0,0,0,0,0,0,0,0,0,0
2016,"MUNICIPIO","510060",42,0,0,16,26,1,3,8,3,11,29,13,4,0,1,1,0,1,1,0,0,0,0,0,0,0,0,0,0,0,0,0,0,0,0,0,0
2016,"MUNICIPIO","510080",35,0,0,9,26,4,5,5,3,9,28,7,0,0,5,3,2,0,2,0,0,3,0,0,0,0,0,0,0,0,0,0,0,0,0,0,0
2016,"MUNICIPIO","510100",20,0,1,2,18,0,3,6,4,5,15,5,2,0,0,0,0,1,0,0,0,0,0,1,1,0,0,0,0,1,1,0,0,0,1,0,0
2016,"MUNICIPIO","510120",7,0,0,1,6,0,0,1,3,2,3,4,1,0,0,0,0,0,0,0,0,0,0,0,0,0,0,0,0,0,0,0,0,0,0,0,0
2016,"MUNICIPIO","510125",95,0,4,14,81,3,17,28,11,22,60,35,6,0,3,2,1,0,1,0,0,2,0,0,0,0,0,0,0,0,0,0,0,0,0,0,0
2016,"MUNICIPIO","510130",75,0,5,8,67,1,7,25,7,27,51,24,4,0,1,1,0,1,1,0,0,0,0,1,0,0,0,0,1,0,0,0,0,0,0,0,0
2016,"MUNICIPIO","510140",81,0,10,16,65,3,12,22,9,19,59,22,5,0,3,3,0,2,2,0,0,1,0,1,0,0,0,1,0,1,1,0,0,0,1,0,0
2016,"MUNICIPIO","510160",40,0,0,4,36,2,3,9,6,16,25,15,0,0,1,0,1,1,0,0,0,1,0,0,0,0,0,0,0,0,0,0,0,0,0,0,0
2016,"MUNICIPIO","510170",154,0,10,24,130,6,28,49,15,32,104,50,9,0,2,2,0,1,1,0,0,1,0,0,0,0,0,0,0,0,0,0,0,0,0,0,0
2016,"MUNICIPIO","510180",374,0,22,54,320,30,46,71,40,133,224,150,24,0,12,12,0,9,5,0,0,2,5,2,0,0,0,2,0,2,1,0,0,0,1,0,0
2016,"MUNICIPIO","510185",23,0,0,2,21,3,4,1,4,9,12,11,1,0,4,2,2,4,0,0,0,1,3,0,0,0,0,0,0,0,0,0,0,0,0,0,0
2016,"MUNICIPIO","510190",72,0,7,18,54,5,10,18,3,18,51,21,1,0,4,4,0,0,2,0,0,2,0,0,0,0,0,0,0,0,0,0,0,0,0,0,0
2016,"MUNICIPIO","510250",626,0,36,76,550,19,99,186,64,182,382,244,48,0,15,13,2,9,4,1,0,10,0,3,1,0,1,1,0,3,3,0,0,1,2,0,0
2016,"MUNICIPIO","510260",71,0,4,10,61,12,2,12,12,23,40,31,5,0,2,2,0,9,0,0,0,0,2,1,0,0,0,1,0,1,1,0,0,0,0,0,0
2016,"MUNICIPIO","510263",127,0,4,33,94,8,22,19,15,30,97,30,4,0,6,6,0,5,0,0,0,6,0,0,0,0,0,0,0,0,0,0,0,0,0,0,0
2016,"MUNICIPIO","510267",152,0,12,33,119,4,19,30,25,41,92,60,12,0,4,1,3,4,3,0,0,1,0,0,0,0,0,0,0,0,0,0,0,0,0,0,0
2016,"MUNICIPIO","510268",19,0,1,1,18,0,2,0,0,16,13,6,1,0,0,0,0,0,0,0,0,0,0,0,0,0,0,0,0,0,0,0,0,0,0,0,0
2016,"MUNICIPIO","510269",13,0,1,4,9,1,0,1,1,6,8,5,2,0,0,0,0,0,0,0,0,0,0,0,0,0,0,0,0,0,0,0,0,0,0,0,0
2016,"MUNICIPIO","510270",102,0,3,20,82,7,18,33,6,18,62,40,6,0,5,4,1,5,3,0,0,0,2,1,0,0,0,1,0,1,1,0,0,0,1,0,0
2016,"MUNICIPIO","510279",60,0,4,12,48,0,7,15,10,16,37,23,4,0,0,0,0,1,0,0,0,0,0,1,1,0,0,0,0,1,1,0,0,0,1,0,0
2016,"MUNICIPIO","510285",45,0,0,6,39,4,10,12,2,11,33,12,0,0,0,0,0,0,0,0,0,0,0,0,0,0,0,0,0,0,0,0,0,0,0,0,0
2016,"MUNICIPIO","510300",102,0,5,10,92,9,16,31,8,28,66,36,6,0,1,1,0,2,0,0,0,1,0,0,0,0,0,0,0,0,0,0,0,0,0,0,0
2016,"MUNICIPIO","510305",53,0,3,12,41,1,8,14,4,14,34,19,3,0,1,1,0,0,1,0,0,0,0,1,1,0,0,0,0,1,1,0,0,0,1,0,0
2016,"MUNICIPIO","510310",18,0,0,2,16,1,0,4,0,11,10,8,0,0,1,1,0,0,1,0,0,0,0,0,0,0,0,0,0,0,0,0,0,0,0,0,0
2016,"MUNICIPIO","510320",180,0,13,15,165,7,21,34,33,70,110,70,8,0,3,2,1,1,2,0,0,1,0,0,0,0,0,0,0,0,0,0,0,0,0,0,0
2016,"MUNICIPIO","510325",79,0,6,24,55,3,12,20,3,17,54,25,5,0,6,5,1,0,3,0,0,3,0,0,0,0,0,0,0,0,0,0,0,0,0,0,0
2016,"MUNICIPIO","510330",97,0,9,18,79,6,12,22,12,27,61,36,8,0,2,0,2,5,1,0,0,1,0,1,0,0,0,1,0,1,1,1,0,0,0,0,0
2016,"MUNICIPIO","510335",111,0,6,23,88,8,8,23,6,43,72,39,9,0,5,5,0,7,2,0,0,2,1,2,1,0,0,0,1,1,0,1,0,0,0,0,0
2016,"MUNICIPIO","510336",12,0,0,0,12,1,1,2,2,6,8,4,0,0,0,0,0,0,0,0,0,0,0,0,0,0,0,0,0,0,0,0,0,0,0,0,0
2016,"MUNICIPIO","510337",53,0,5,16,37,1,5,10,6,15,44,9,5,0,0,0,0,1,0,0,0,0,0,0,0,0,0,0,0,0,0,0,0,0,0,0,0
2016,"MUNICIPIO","510340",3568,0,248,517,3051,155,681,873,499,843,2109,1459,231,0,78,52,26,35,18,1,0,58,0,8,3,0,0,0,5,3,3,0,1,1,0,0,1
2016,"MUNICIPIO","510343",30,0,2,4,26,1,1,8,4,12,13,17,3,0,0,0,0,1,0,0,0,0,0,0,0,0,0,0,0,0,0,0,0,0,0,0,0
2016,"MUNICIPIO","510345",38,0,1,3,35,0,9,8,3,15,23,15,0,0,0,0,0,0,0,0,0,0,0,0,0,0,0,0,0,0,0,0,0,0,0,0,0
2016,"MUNICIPIO","510350",115,0,10,22,93,2,14,29,14,34,70,45,10,0,7,5,2,0,4,0,0,3,0,0,0,0,0,0,0,0,0,0,0,0,0,0,0
2016,"MUNICIPIO","510360",59,0,2,9,50,2,4,22,11,11,44,15,0,0,1,0,1,0,0,0,0,1,0,0,0,0,0,0,0,0,0,0,0,0,0,0,0
2016,"MUNICIPIO","510370",52,0,1,14,38,3,11,13,3,8,29,23,6,0,3,2,1,3,2,0,0,0,1,0,0,0,0,0,0,0,0,0,0,0,0,0,0
2016,"MUNICIPIO","510380",12,0,0,0,12,0,0,2,3,7,7,5,1,0,0,0,0,0,0,0,0,0,0,0,0,0,0,0,0,0,0,0,0,0,0,0,0
2016,"MUNICIPIO","510385",19,0,0,10,9,0,1,3,1,4,17,2,0,0,0,0,0,0,0,0,0,0,0,0,0,0,0,0,0,0,0,0,0,0,0,0,0
2016,"MUNICIPIO","510390",31,0,2,3,28,4,5,4,5,10,15,16,4,0,2,2,0,2,0,0,0,0,2,0,0,0,0,0,0,0,0,0,0,0,0,0,0
2016,"MUNICIPIO","510395",25,0,1,1,24,2,5,6,1,10,13,12,2,0,0,0,0,0,0,0,0,0,0,0,0,0,0,0,0,0,0,0,0,0,0,0,0
2016,"MUNICIPIO","510410",152,0,4,19,133,10,25,39,22,37,90,61,8,0,7,5,2,4,2,0,0,5,0,1,0,0,0,1,0,1,1,0,0,0,1,0,0
2016,"MUNICIPIO","510420",95,0,3,10,85,1,10,26,14,34,55,40,5,0,1,1,0,0,0,0,0,1,0,1,0,0,0,1,0,1,1,0,1,0,0,0,0
2016,"MUNICIPIO","510450",15,0,0,2,13,0,2,4,5,2,13,2,1,0,0,0,0,0,0,0,0,0,0,0,0,0,0,0,0,0,0,0,0,0,0,0,0
2016,"MUNICIPIO","510452",14,0,0,2,12,0,3,2,2,5,11,3,0,0,1,1,0,1,0,0,0,1,0,0,0,0,0,0,0,0,0,0,0,0,0,0,0
2016,"MUNICIPIO","510454",27,0,2,5,22,1,4,10,2,5,21,6,2,0,1,1,0,0,1,0,0,0,0,0,0,0,0,0,0,0,0,0,0,0,0,0,0
2016,"MUNICIPIO","510455",27,0,2,4,23,1,4,10,3,5,19,8,3,0,0,0,0,0,0,0,0,0,0,0,0,0,0,0,0,0,0,0,0,0,0,0,0
2016,"MUNICIPIO","510460",50,0,1,7,43,0,7,14,7,15,27,23,4,0,1,1,0,0,0,0,0,1,0,2,1,0,0,0,0,1,1,0,0,0,0,0,0
2016,"MUNICIPIO","510480",188,0,8,38,150,5,32,33,20,60,112,75,10,0,8,8,0,1,1,0,0,7,0,0,0,0,0,0,0,0,0,0,0,0,0,0,0
2016,"MUNICIPIO","510490",55,0,2,15,40,3,6,13,6,12,40,15,2,0,2,1,1,0,1,0,0,1,0,0,0,0,0,0,0,0,0,0,0,0,0,0,0
2016,"MUNICIPIO","510500",54,0,2,4,50,2,4,10,10,24,38,16,2,0,1,1,0,1,0,0,0,1,0,0,0,0,0,0,0,0,0,0,0,0,0,0,0
2016,"MUNICIPIO","510510",185,0,20,32,153,7,30,43,13,60,128,57,13,0,7,7,0,0,3,0,0,2,2,2,1,1,0,0,0,2,1,0,0,0,1,0,0
2016,"MUNICIPIO","510515",242,0,23,45,197,13,44,62,28,50,165,77,12,0,4,4,0,3,1,0,0,3,0,1,0,0,0,1,0,1,1,0,0,0,1,0,0
2016,"MUNICIPIO","510517",46,0,4,12,34,0,12,12,2,8,32,14,4,0,2,1,1,0,2,0,0,0,0,0,0,0,0,0,0,0,0,0,0,0,0,0,0
2016,"MUNICIPIO","510520",81,0,4,14,67,1,11,11,13,31,51,30,4,0,0,0,0,0,0,0,0,0,0,0,0,0,0,0,0,0,0,0,0,0,0,0,0
2016,"MUNICIPIO","510523",27,0,2,0,27,2,3,14,1,7,18,9,2,0,1,1,0,0,0,0,0,1,0,1,0,0,0,0,1,0,0,0,0,0,0,0,0
2016,"MUNICIPIO","510525",196,0,14,51,145,14,30,31,19,51,129,67,15,0,13,10,3,3,7,0,0,5,0,2,0,0,0,2,0,2,2,0,0,1,1,0,0
2016,"MUNICIPIO","510530",12,0,0,0,12,1,0,0,1,10,12,0,0,0,1,0,1,0,0,0,0,1,0,0,0,0,0,0,0,0,0,0,0,0,0,0,0
2016,"MUNICIPIO","510550",64,0,2,10,54,0,5,19,10,20,48,16,2,0,4,4,0,0,2,0,0,2,0,0,0,0,0,0,0,0,0,0,0,0,0,0,0
2016,"MUNICIPIO","510558",71,0,4,15,56,4,12,17,6,17,46,25,4,0,4,3,1,3,0,0,0,3,1,0,0,0,0,0,0,0,0,0,0,0,0,0,0
2016,"MUNICIPIO","510560",69,0,6,10,59,3,7,14,5,30,48,21,4,0,1,1,0,2,0,0,0,1,0,0,0,0,0,0,0,0,0,0,0,0,0,0,0
2016,"MUNICIPIO","510562",187,0,7,31,156,8,27,47,19,55,117,70,7,0,6,6,0,4,1,0,0,5,0,0,0,0,0,0,0,0,0,0,0,0,0,0,0
2016,"MUNICIPIO","510590",110,0,4,16,94,11,18,25,12,28,78,32,5,0,0,0,0,0,0,0,0,0,0,2,0,1,0,1,0,2,2,0,1,0,0,1,0
2016,"MUNICIPIO","510600",44,0,3,6,38,1,5,17,2,13,24,20,2,0,0,0,0,1,0,0,0,0,0,0,0,0,0,0,0,0,0,0,0,0,0,0,0
2016,"MUNICIPIO","510610",91,0,3,9,82,4,12,32,10,24,68,23,2,0,0,0,0,0,0,0,0,0,0,1,0,0,0,1,0,1,1,0,0,1,0,0,0
2016,"MUNICIPIO","510615",45,0,4,13,32,0,8,11,6,7,32,13,5,0,1,1,0,0,0,0,0,1,0,0,0,0,0,0,0,0,0,0,0,0,0,0,0
2016,"MUNICIPIO","510617",20,0,0,3,17,2,3,4,1,7,14,6,3,0,0,0,0,2,0,0,0,0,0,0,0,0,0,0,0,0,0,0,0,0,0,0,0
2016,"MUNICIPIO","510618",24,0,1,1,23,2,2,3,2,14,18,6,1,0,0,0,0,0,0,0,0,0,0,1,0,0,1,0,0,1,1,0,0,1,0,0,0
2016,"MUNICIPIO","510619",13,0,0,0,13,1,2,2,1,7,10,3,0,0,0,0,0,0,0,0,0,0,0,0,0,0,0,0,0,0,0,0,0,0,0,0,0
2016,"MUNICIPIO","510620",27,0,0,3,24,2,3,9,3,7,16,11,3,0,1,1,0,0,0,0,0,1,0,0,0,0,0,0,0,0,0,0,0,0,0,0,0
2016,"MUNICIPIO","510621",72,0,5,9,63,1,10,15,11,26,46,26,7,0,3,1,2,0,2,0,0,1,0,0,0,0,0,0,0,0,0,0,0,0,0,0,0
2016,"MUNICIPIO","510622",145,0,16,43,102,5,23,27,7,40,94,51,14,0,9,7,2,0,2,1,1,4,0,3,0,0,0,2,1,2,2,0,0,0,2,0,0
2016,"MUNICIPIO","510623",60,0,4,13,47,2,3,14,3,25,40,20,9,0,1,1,0,0,0,0,0,1,0,0,0,0,0,0,0,0,0,0,0,0,0,0,0
2016,"MUNICIPIO","510624",39,0,2,11,28,3,8,6,3,8,28,11,3,0,2,1,1,0,1,0,0,1,0,0,0,0,0,0,0,0,0,0,0,0,0,0,0
2016,"MUNICIPIO","510625",94,0,3,19,75,1,14,30,8,22,68,26,7,0,0,0,0,1,0,0,0,0,0,2,0,0,0,1,1,1,1,1,0,0,0,0,0
2016,"MUNICIPIO","510626",29,0,3,7,22,2,3,7,5,5,16,13,5,0,0,0,0,0,0,0,0,0,0,1,0,0,0,1,0,1,1,0,1,0,0,0,0
2016,"MUNICIPIO","510627",24,0,1,1,23,0,5,4,7,7,15,9,1,0,0,0,0,1,0,0,0,0,0,0,0,0,0,0,0,0,0,0,0,0,0,0,0
2016,"MUNICIPIO","510628",36,0,0,4,32,0,4,9,6,13,22,14,1,0,0,0,0,0,0,0,0,0,0,0,0,0,0,0,0,0,0,0,0,0,0,0,0
2016,"MUNICIPIO","510629",59,0,1,11,48,2,9,6,13,18,39,20,2,0,3,3,0,0,1,0,0,2,0,0,0,0,0,0,0,0,0,0,0,0,0,0,0
2016,"MUNICIPIO","510630",118,0,5,28,90,10,14,27,7,32,80,38,6,0,2,2,0,2,1,0,0,0,1,0,0,0,0,0,0,0,0,0,0,0,0,0,0
2016,"MUNICIPIO","510631",4,0,1,0,4,0,1,0,0,3,3,1,1,0,0,0,0,0,0,0,0,0,0,0,0,0,0,0,0,0,0,0,0,0,0,0,0
2016,"MUNICIPIO","510637",125,0,5,18,107,3,19,25,17,43,74,51,7,0,6,6,0,1,1,0,0,4,0,0,0,0,0,0,0,0,0,0,0,0,0,0,0
2016,"MUNICIPIO","510642",205,0,20,56,149,15,25,48,15,46,137,68,18,0,5,4,1,4,1,0,0,4,0,2,1,0,0,0,1,1,1,0,0,0,1,0,0
2016,"MUNICIPIO","510645",9,0,0,0,9,1,1,4,1,2,7,2,0,0,0,0,0,0,0,0,0,0,0,0,0,0,0,0,0,0,0,0,0,0,0,0,0
2016,"MUNICIPIO","510650",211,0,12,30,181,6,27,61,21,66,129,82,13,0,6,5,1,2,2,1,0,3,0,1,0,0,0,1,0,1,1,0,0,1,0,0,0
2016,"MUNICIPIO","510665",27,0,2,5,22,2,5,7,2,6,20,7,2,0,1,1,0,0,1,0,0,0,0,1,1,0,0,0,0,1,1,0,0,0,0,0,1
2016,"MUNICIPIO","510670",9,0,0,3,6,0,1,4,0,1,7,2,0,0,0,0,0,0,0,0,0,0,0,0,0,0,0,0,0,0,0,0,0,0,0,0,0
2016,"MUNICIPIO","510675",222,0,12,36,186,7,26,64,21,68,138,84,11,0,5,4,1,5,5,0,0,0,0,1,0,0,0,1,0,1,1,0,0,0,0,0,1
2016,"MUNICIPIO","510677",56,0,3,11,45,1,6,10,6,22,38,18,4,0,1,1,0,0,0,0,0,0,0,1,1,0,0,0,0,1,1,0,0,1,0,0,0
2016,"MUNICIPIO","510680",33,0,0,3,30,0,6,10,2,12,21,12,0,0,2,1,1,0,1,0,0,1,0,0,0,0,0,0,0,0,0,0,0,0,0,0,0
2016,"MUNICIPIO","510682",51,0,5,9,42,3,10,16,3,10,36,15,4,0,5,5,0,1,1,0,0,4,0,0,0,0,0,0,0,0,0,0,0,0,0,0,0
2016,"MUNICIPIO","510685",21,0,2,4,17,0,1,6,5,5,15,6,1,0,1,1,0,0,0,0,0,1,0,0,0,0,0,0,0,0,0,0,0,0,0,0,0
2016,"MUNICIPIO","510700",133,0,2,24,109,9,14,38,18,30,93,39,3,0,3,3,0,0,0,0,0,3,0,0,0,0,0,0,0,0,0,0,0,0,0,0,0
2016,"MUNICIPIO","510704",326,0,27,78,248,21,52,52,20,103,216,110,28,0,17,12,5,6,9,0,0,7,1,2,0,0,0,1,0,1,1,0,0,0,0,0,1
2016,"MUNICIPIO","510706",70,0,7,16,54,5,9,14,6,20,47,23,9,0,6,4,2,1,1,0,0,0,5,0,0,0,0,0,0,0,0,0,0,0,0,0,0
2016,"MUNICIPIO","510710",122,0,4,11,111,3,22,39,9,38,75,47,2,0,1,1,0,2,1,0,0,0,0,0,0,0,0,0,0,0,0,0,0,0,0,0,0
2016,"MUNICIPIO","510715",19,0,1,3,16,1,6,6,2,1,12,7,2,0,0,0,0,0,0,0,0,0,0,0,0,0,0,0,0,0,0,0,0,0,0,0,0
2016,"MUNICIPIO","510718",49,0,1,8,41,4,6,13,3,15,32,17,2,0,3,3,0,4,1,0,0,1,1,0,0,0,0,0,0,0,0,0,0,0,0,0,0
2016,"MUNICIPIO","510719",9,0,0,0,9,1,1,6,0,1,7,2,0,0,0,0,0,0,0,0,0,0,0,0,0,0,0,0,0,0,0,0,0,0,0,0,0
2016,"MUNICIPIO","510720",36,0,1,3,33,1,5,13,6,8,14,22,1,0,1,1,0,0,0,0,0,1,0,0,0,0,0,0,0,0,0,0,0,0,0,0,0
2016,"MUNICIPIO","510724",18,0,0,5,13,0,4,6,0,3,11,7,1,0,0,0,0,0,0,0,0,0,0,0,0,0,0,0,0,0,0,0,0,0,0,0,0
2016,"MUNICIPIO","510726",17,0,3,5,12,0,1,5,0,6,11,6,3,0,1,1,0,0,0,0,0,1,0,2,0,0,0,0,2,0,0,0,0,0,0,0,0
2016,"MUNICIPIO","510729",12,0,0,2,10,0,3,1,0,6,10,2,0,0,0,0,0,0,0,0,0,0,0,0,0,0,0,0,0,0,0,0,0,0,0,0,0
2016,"MUNICIPIO","510730",87,0,4,9,78,4,18,26,5,25,59,28,4,0,4,3,1,0,0,0,0,4,0,1,0,0,0,1,0,1,1,0,0,0,1,0,0
2016,"MUNICIPIO","510735",17,0,0,5,12,1,2,6,1,2,13,4,0,0,0,0,0,0,0,0,0,0,0,0,0,0,0,0,0,0,0,0,0,0,0,0,0
2016,"MUNICIPIO","510740",23,0,0,5,18,1,0,6,2,9,17,6,0,0,0,0,0,0,0,0,0,0,0,0,0,0,0,0,0,0,0,0,0,0,0,0,0
2016,"MUNICIPIO","510757",16,0,1,2,14,1,2,0,0,11,11,5,1,0,0,0,0,0,0,0,0,0,0,0,0,0,0,0,0,0,0,0,0,0,0,0,0
2016,"MUNICIPIO","510760",1241,0,93,223,1018,73,220,244,109,372,779,462,89,0,26,18,8,18,12,0,0,13,0,2,0,0,0,1,1,1,1,0,0,0,1,0,0
2016,"MUNICIPIO","510770",131,0,7,24,107,3,16,29,10,49,80,51,12,0,5,5,0,0,0,0,0,5,0,0,0,0,0,0,0,0,0,0,0,0,0,0,0
2016,"MUNICIPIO","510774",7,0,1,1,6,0,1,1,0,4,5,2,0,0,0,0,0,0,0,0,0,0,0,0,0,0,0,0,0,0,0,0,0,0,0,0,0
2016,"MUNICIPIO","510775",27,0,2,2,25,0,4,12,2,7,14,13,2,0,1,1,0,0,1,0,0,0,0,0,0,0,0,0,0,0,0,0,0,0,0,0,0
2016,"MUNICIPIO","510776",13,0,1,3,10,1,1,3,0,5,9,4,1,0,0,0,0,0,0,0,0,0,0,0,0,0,0,0,0,0,0,0,0,0,0,0,0
2016,"MUNICIPIO","510777",22,0,0,6,16,3,1,4,2,6,16,6,0,0,0,0,0,0,0,0,0,0,0,0,0,0,0,0,0,0,0,0,0,0,0,0,0
2016,"MUNICIPIO","510779",15,0,1,4,11,0,2,1,2,6,11,4,1,0,0,0,0,1,0,0,0,0,0,0,0,0,0,0,0,0,0,0,0,0,0,0,0
2016,"MUNICIPIO","510780",119,0,4,21,98,4,21,37,12,24,83,36,5,0,4,2,2,0,1,0,0,3,0,0,0,0,0,0,0,0,0,0,0,0,0,0,0
2016,"MUNICIPIO","510785",46,0,0,4,42,2,5,14,9,12,26,20,0,0,0,0,0,1,0,0,0,0,0,0,0,0,0,0,0,0,0,0,0,0,0,0,0
2016,"MUNICIPIO","510787",78,0,4,29,49,6,7,13,4,19,61,17,5,0,4,3,1,3,3,0,0,1,0,1,1,0,0,0,0,1,1,0,0,0,0,0,1
2016,"MUNICIPIO","510788",5,0,0,1,4,0,0,0,0,4,4,1,0,0,0,0,0,0,0,0,0,0,0,0,0,0,0,0,0,0,0,0,0,0,0,0,0
2016,"MUNICIPIO","510790",640,0,39,145,495,19,117,133,57,169,398,241,47,0,24,19,5,12,14,0,0,10,0,2,0,0,0,1,1,1,1,0,0,0,0,0,1
2016,"MUNICIPIO","510792",345,0,23,99,246,18,46,65,36,81,232,113,27,0,10,9,1,7,5,0,0,5,0,3,1,0,0,1,0,2,2,0,0,1,0,0,0
2016,"MUNICIPIO","510794",36,0,1,11,25,1,5,8,4,7,23,13,2,0,1,1,0,0,0,0,0,1,0,0,0,0,0,0,0,0,0,0,0,0,0,0,0
2016,"MUNICIPIO","510795",473,0,18,80,393,27,67,98,60,141,294,179,33,0,16,10,6,1,8,1,0,6,1,2,1,0,0,1,0,2,2,0,0,0,1,1,0
2016,"MUNICIPIO","510800",48,0,0,4,44,2,8,15,4,15,27,21,1,0,0,0,0,2,0,0,0,0,0,0,0,0,0,0,0,0,0,0,0,0,0,0,0
2016,"MUNICIPIO","510805",61,0,4,10,51,3,18,9,3,18,40,21,3,0,0,0,0,1,0,0,0,0,0,0,0,0,0,0,0,0,0,0,0,0,0,0,0
2016,"MUNICIPIO","510810",20,0,4,2,18,2,1,5,3,7,9,11,2,0,0,0,0,0,0,0,0,0,0,2,2,0,0,0,0,2,1,1,0,0,1,0,0
2016,"MUNICIPIO","510820",37,0,1,2,35,0,5,13,9,8,26,11,4,0,0,0,0,1,0,0,0,0,0,1,0,1,0,0,0,1,1,0,0,0,0,1,0
2016,"MUNICIPIO","510830",20,0,0,9,11,1,1,6,1,2,15,5,2,0,0,0,0,0,0,0,0,0,0,0,0,0,0,0,0,0,0,0,0,0,0,0,0
2016,"MUNICIPIO","510835",14,0,0,2,12,0,0,4,2,6,11,3,0,0,2,2,0,0,1,0,0,1,0,0,0,0,0,0,0,0,0,0,0,0,0,0,0
2016,"MUNICIPIO","510840",1524,0,96,272,1252,68,231,435,143,375,942,580,94,0,38,26,12,24,6,0,0,31,0,5,2,0,0,2,1,4,3,0,0,2,2,0,0
2016,"MUNICIPIO","510850",46,0,3,8,38,2,8,15,5,8,31,15,5,0,0,0,0,0,0,0,0,0,0,1,1,0,0,0,0,1,1,0,1,0,0,0,0
2016,"MUNICIPIO","510860",82,0,2,20,62,1,10,13,6,32,59,23,4,0,1,1,0,2,0,0,0,1,0,0,0,0,0,0,0,0,0,0,0,0,0,0,0
2016,"MUNICIPIO","510880",31,0,1,6,25,0,4,8,3,10,23,8,1,0,0,0,0,0,0,0,0,0,0,0,0,0,0,0,0,0,0,0,0,0,0,0,0
2016,"MUNICIPIO","510885",17,0,1,5,12,2,2,2,3,3,13,4,1,0,1,1,0,0,0,0,0,1,0,0,0,0,0,0,0,0,0,0,0,0,0,0,0
2016,"MUNICIPIO","510890",28,0,0,6,22,2,3,6,0,11,21,7,0,0,4,4,0,0,3,0,0,1,0,0,0,0,0,0,0,0,0,0,0,0,0,0,0
2016,"MUNICIPIO","510895",43,0,1,13,30,0,10,9,3,8,28,15,1,0,1,1,0,0,0,0,0,1,0,0,0,0,0,0,0,0,0,0,0,0,0,0,0
